,USDT_Measure1,USDT_Measure2,USDT_Measure3,DAI_Measure1,DAI_Measure2,DAI_Measure3
USDT_Measure1,1.0,0.13005154324686471,-0.11974020019640987,0.1650177340954223,0.2120222514039675,-0.14047041021851003
USDT_Measure2,0.13005154324686471,1.0,-0.012037194214223071,0.0035902346884540805,0.23379318249574338,-0.03969625666093118
USDT_Measure3,-0.11974020019640987,-0.012037194214223071,1.0,-0.18444744101487448,-0.11393178756725536,0.9400762540032893
DAI_Measure1,0.1650177340954223,0.0035902346884540805,-0.18444744101487448,1.0,0.4785306166997576,-0.18553675078611293
DAI_Measure2,0.2120222514039675,0.23379318249574338,-0.11393178756725536,0.4785306166997576,1.0,-0.12111475585105061
DAI_Measure3,-0.14047041021851003,-0.03969625666093118,0.9400762540032893,-0.18553675078611293,-0.12111475585105061,1.0
